<?xml version="1.0" encoding="UTF-8"?>
<beans xmlns="http://www.springframework.org/schema/beans"
	xmlns:xsi="http://www.w3.org/2001/XMLSchema-instance"
	xmlns:cloud="http://schema.cloudfoundry.org/spring"
	xmlns:jdbc="http://www.springframework.org/schema/jdbc"
	xmlns:util="http://www.springframework.org/schema/util"
	xmlns:mongo="http://www.springframework.org/schema/data/mongo"
	xsi:schemaLocation="http://www.springframework.org/schema/data/mongo http://www.springframework.org/schema/data/mongo/spring-mongo-1.0.xsd
		http://www.springframework.org/schema/jdbc http://www.springframework.org/schema/jdbc/spring-jdbc-3.1.xsd
		http://schema.cloudfoundry.org/spring http://schema.cloudfoundry.org/spring/cloudfoundry-spring-0.7.xsd
		http://www.springframework.org/schema/beans http://www.springframework.org/schema/beans/spring-beans-3.1.xsd
		http://www.springframework.org/schema/util http://www.springframework.org/schema/util/spring-util-3.1.xsd">

	<!-- DAOs -->
    
    <bean id="urlShortenerWsDAO" class="org.urlshortener.core.dao.rest.UrlShortenerWsDAOImpl">
        <constructor-arg ref="restTemplate"/>
        <constructor-arg ref="xpathTemplate"/>
    </bean>
    
    <!-- Converters -->

    <bean id="restTemplate" class="org.springframework.web.client.RestTemplate">
        <property name="messageConverters">
            <list>
                <bean class="org.springframework.http.converter.xml.SourceHttpMessageConverter"/>
                <bean class="org.urlshortener.core.converter.UrlShortenerMessageConverter"/>
            </list>
        </property>
    </bean>
   
    <bean id="xpathTemplate" class="org.springframework.xml.xpath.Jaxp13XPathTemplate"/>

</beans>